Model,y_pred_Test
GradientBoosting,"[1957.80262943  478.23330139  353.40748562 1447.30685882 1116.16372347
 1424.10453819 3021.76466435  580.92866798 2896.94432422 2008.81188337
 1499.31463917  609.17944325  308.71882709  546.01737175  440.06538613
 1344.08718115  336.28655609 2103.49684912 1512.19487528 1449.33956085
 1868.0706312  1106.69979288 1583.4305073  1350.70833969 1826.13050068
  291.16200109  887.94867201  363.86081318 1317.08215435  436.92246377
 1015.88992131 1277.49347391 1924.92263453  494.60916337  619.50357827
 1718.9429034   838.0652983   704.91231295 3187.40318277  503.4648261
  707.6745037   909.0602467  1149.11164566 2032.10599504  970.34552815
 1865.97956358  474.57412696 2913.57112117  299.15894678 1499.31463917
 1099.11291702  984.59711203  932.36389042  341.26581994 1127.51002868
  720.86284    1055.29089739  261.80978078 1329.86372347 1080.32892334
 1565.92580655 1262.57100706  538.19904639 1271.46615531 1202.27253793
 1439.15143051  589.33814071 2538.468447    687.23708481 1952.99066467
  907.52018272 2993.12385951 1981.6055433  1165.51590001 1308.17994015
 1252.30974949  876.66881342  426.87190581 1117.63086967 1029.55799201
  258.96707101 1898.58066529 1937.4739301   959.72576655 1455.15797141
 1467.78398441 1926.84936977  496.68244334 1552.6301643   561.36519226
  695.28167894  380.03275831 1080.32892334 1326.01073378 1970.78931323
  512.75932771 2077.80377904 1367.85266536 1081.37199742  749.61247609
  988.00375078  357.17406482 1233.00274942 1074.92410715  823.65371843
  809.4800742   905.82444661  848.4939929  1367.67819128 1697.3048849
 1144.0113557  1061.59479508  327.84776373  678.91349457  954.76601218
 1826.13050068  867.93069733 1073.84854665  684.53963753 1655.74812741
  415.25293354 1383.30327579  991.02793345 1085.72963759  364.6130933
 1213.0870104  2353.93867473 1810.73653938 2251.20124145 1073.85113385
 1209.61918072 1126.3374663   368.1964464  1687.46198044  729.02446653
  655.34773165  225.83255781 2059.15328121 1307.61460669  711.12418596
  795.28098584 2186.89653251 1815.80046839 1505.85310902 2903.97436622
 1487.27791059  871.01969043  419.06995934 1352.07644984 1696.20474465
  886.96252045  614.87366109 1322.10605408  524.42088396 1126.43313316
 1086.19462252 2639.48177748  391.87831549  394.85308157 1211.64610718
 2314.31218053  582.21515677 1665.11290744 2676.45046721 1826.13050068
 1630.26738352 1316.67890328 2012.43083781  809.4800742   413.81943899
 2288.23322385 2857.80345988 2691.29567562  698.53868961 1864.83210904
 1500.41544747  840.53634722 1364.37973931 2896.94432422 1886.19444265
  484.973685   2244.0712676   440.91922929  484.86379166  591.01059341
 1780.34510686 1220.16166503  861.88548011  703.27539847 2032.31958259
 1644.71816048  996.08796254  785.75490018 2527.15375532  407.17506027
 1422.17924405 1915.82513658  744.39680661 1560.34726824 1395.27716529
  717.47460718 1401.36959929  934.9991707  2528.76847855 1040.74001371
  343.42458453  540.23694391  470.88238883  938.71456048 2000.42246359
  868.50373319  612.36782071 1553.13663347  887.94867201  324.61163306
 1377.17597122  487.08412202 1382.79924742 1357.352452    823.4399411
 2423.04095045 1055.43098027 2299.68831506 1143.57145178  723.10072971
 2336.8328487  1685.18924764  733.44178876  423.59517528  635.99380202
  983.79237391 1070.20175508 2478.27358729 1003.13428186 1187.4512489
  855.00890044 1249.34575766  907.88505879  252.6568967   578.57023207
 2176.46306577  613.24994426 1252.92308698 1081.25630145 1988.48499577
 1327.09230568 1218.544655   2181.63175836  704.41335641 1539.01377042
 1915.39318635 1060.7980182  1509.84352677 1211.79994588 2154.9876632
 1116.68548709  519.67247521 1189.72992776 1179.33658772 1126.3374663
 1100.92891189  729.55489276  624.98938315  680.02065137 1869.01309213
 1040.74001371 1776.25515304 1484.98819157 1068.90656038 1729.09717373
  903.04538764  487.08412202 1588.2023952  1307.61460669  846.99981055
  339.98955848 1854.60139545  487.75064385 2030.5565145   613.14520786
 1720.10283782 1250.6114339   863.4418382   547.8108802   268.91074837
  628.43850432 1382.31607436  629.41273525  736.41583728 1327.23835874
  667.23443553 1424.36195151 1382.79924742 1479.27392098 1886.69923903
  611.71687235  879.31728184 1057.23328345 1183.01117852  596.43071298
  851.76361758 1234.37422668  934.9991707  1694.02950488  707.6745037
 2069.06384261 1737.20457505 1885.04024241  405.13439499  361.11288815
  983.79237391 1340.66251639  772.18167194  222.92708365  297.73306652
  765.12912476 1525.60312405 1886.69923903 2912.22980977 1125.20307075
 1637.73410049 1292.29450742 2059.15328121 1931.32797909  704.68063631
 1504.44220877 1489.94925507  361.11288815  591.01059341  343.42458453
  932.36389042  313.80659586  866.81563355  280.72717384  690.28103412
  857.71194669 1701.33579936 1270.45156897  263.89360207  973.44263979
  686.21602233 2863.05279189  208.89377939 1535.71351145  787.95893303
  611.77347959  633.31387485 1216.78533691 1489.40710615 1317.08215435
  971.7726202  1209.13377112  437.92799163 1857.18476133  975.17958686
  506.7498369   808.5952461  1754.45027332  608.0078351  1663.35130918
  223.03431371 2886.03100189  467.40806169 1634.44386047 1434.26280564
  909.57645469  635.74546544 1553.21887032  779.70471055  466.87031215
  424.81614062 1211.72324496  808.5952461  1070.12976492  357.87675748
 1266.30189905 1036.76596323  560.99467646  708.90615793 1357.352452
 1270.45156897  381.6601817  1143.32658228  381.47477342 2023.08813224
  506.7498369   864.16612816 2004.64888281  470.56440983  406.63078247
 1398.41513941]"
XGBoost,"[1943.8374   495.54822  356.36713 1469.3668  1073.2717  1452.3726
 2967.7053   577.08527 2945.9233  1982.9703  1448.1478   564.6396
  321.86786  538.4069   437.1217  1492.4182   335.64233 1981.4575
 1511.7369  1397.5474  2120.4253  1216.3562  1583.2455  1373.6562
 1852.9185   264.43814  896.5822   357.5235  1311.7264   474.98495
  992.32874 1281.9612  1947.5778   538.5916   637.67255 1717.9495
  848.3221   674.35913 3228.069    484.5522   715.0101   987.4808
 1111.6416  2136.286   1003.7999  1788.926    467.57544 4351.2236
  287.57874 1448.1478  1062.3784   996.92755  950.96735  339.4718
 1145.2081   677.2954  1090.0442   265.11374 1411.3696  1122.7898
 1511.0057  1353.2334   538.5125  1254.0874  1196.6215  1469.5013
  586.9548  2508.2957   679.1     1941.2614   936.3286  3138.7822
 2038.281   1140.63    1265.58    1279.5338   871.0471   437.78906
 1052.4387  1040.6062   204.70001 1907.3257  2138.475    943.1577
 1418.3768  1327.1493  1941.2614   574.51624 1536.3795   621.9728
  625.94293  391.25742 1122.7898  1306.3004  1873.5095   492.81012
 2281.1287  1417.7017  1069.2073   744.00464  698.7664   356.93176
 1252.2421  1098.3107   803.9733   863.2255   895.2962   853.002
 1387.921   1578.1821  1038.5315   978.14996  329.07712  663.99036
 1031.5184  1852.9185   887.3477   976.9718   748.5854  1855.0242
  442.20047 1443.3447  1005.4588  1070.2954   332.17508 1187.226
 2335.0435  1923.7863  2162.0493  1072.4535  1234.3951  1185.6768
  422.4817  1704.0112   739.3372   631.918    239.1482  2034.205
 1322.1239   632.9572   806.1976  1971.3605  1651.6794  1160.6592
 2801.8655  1186.8845   910.3924   482.00955 1339.9569  1742.1378
  889.13745  600.0403  1306.7644   513.14575 1166.7313  1083.5858
 2586.8599   277.18707  407.58224 1189.1108  2282.478    602.2986
 1509.8182  2638.7048  1852.9185  1644.3146  1328.1962  1832.7052
  863.2255   419.55756 2292.7     2752.773   2676.0195   733.097
 1795.6382  1585.7358   878.80914 1479.0605  2945.9233  1923.5989
  511.41046 2419.9053   475.0932   476.75787  575.1255  1669.0796
 1231.1993   868.55615  758.0081  1970.5282  1661.824   1000.6938
  757.64496 2228.6802   406.42865 1448.0349  1860.226    737.79114
 1658.3054  1424.8735   744.0204  1471.4519   940.71265 2474.1895
 1027.0156   343.89493  645.4254   448.73343  893.42413 2084.1294
  925.12775  647.3171  1557.6399   899.52045  347.31747 1396.6375
  475.03958 1453.7035  1227.1178   834.00256 2498.0815  1055.9176
 2360.429   1209.279    716.7584  2224.999   1724.7893   728.28455
  418.3097   622.86926  994.73846 1048.5966  2463.8298   955.499
 1151.274    841.647   1161.8805   911.76483  247.57808  563.3775
 2164.727    619.9222  1064.4521  1099.0685  1891.4418  1381.8491
 1241.1074  2128.5054   724.2819  1555.2114  1976.1741  1072.6453
 1619.9077  1272.3411  2134.511   1052.4387   529.99725 1142.0613
 1189.6575  1185.6768  1104.5381   631.58014  616.8017   682.3791
 1816.8318  1027.0156  1886.0123  1504.9319  1118.2822  1693.3837
  899.0983   475.03958 1259.2169  1322.1239   863.69653  380.81213
 1884.9264   439.06027 2085.0442   608.21796 1788.686   1197.7344
  848.42267  549.358    262.52783  617.9724  1409.0212   636.47705
  652.68616 1363.4329   681.7805  1472.8995  1453.7035  1585.4137
 1834.3473   649.5598   900.7166  1088.4429  1182.5084   550.26447
  845.63806 1165.7946   940.71265 1657.3903   715.0101  2105.3708
 1864.3951  1890.2621   420.1543   369.55746  994.73846 1372.3278
  790.7044   239.53584  390.42026  746.39374 1544.0045  1834.3473
 2740.023   1105.6827  1757.1844  1188.283   2034.205   1980.6272
  687.76544 1538.6401  1461.8684   369.55746  575.1255   343.89493
  950.96735  305.78052  855.16895  262.74057  692.0141   922.0551
 1670.0721  1297.1575   252.28627  952.7425   696.4951  2820.5837
  265.6278  1718.8362   801.8286   660.1795   623.20496 1121.2319
 1504.6062  1311.7264   942.1609  1216.83     456.57526 1928.9988
 1002.5335   523.7465   793.99817 1808.3962   594.3349  1630.5856
  289.93655 2835.0557   464.2454  1413.4364  1440.6249   851.11127
  634.3981  1491.4973   754.56165  443.83664  443.1029  1282.8552
  793.99817 1093.3726   371.72522 1263.8209  1029.9958   504.49753
  718.97656 1227.1178  1297.1575   369.5548  1151.2826   361.36978
 2007.2445   523.7465   843.5472  1913.9143   479.00168  401.66306
 1353.3732 ]"
RandomForest,"[2212.60686921  609.06951032  424.60750201 1316.44241729 1182.67294104
 1586.16774122 3059.60792064  590.06908187 2962.11967315 1878.98586344
 1448.56385714  603.36740162  357.05643034  659.22106185  439.05898915
 1458.18680503  570.10721393 1735.55846711 1558.33890055 1604.1557035
 1902.31376683 1232.76069916 1743.57494425 1355.15135304 1784.08271046
  364.41407421  998.37111485  423.19144808 1283.25677518  499.82982052
 1135.091559   1138.70356394 1984.78985675  511.38566107  704.10007139
 1689.54065218  856.37469177  576.92214018 3264.08397333  599.3871743
  625.60763526 1093.72210492 1131.40677635 1936.34042316  890.23316125
 1808.04497858  484.08151914 3515.77630333  292.80101252 1454.02895179
 1038.22427145  990.38347351 1026.7904346   347.90623876 1292.60463584
  728.19301462 1167.7778244   261.16526433 1304.02684669 1095.84290785
 1373.82989474 1432.26511774  543.70461507 1374.24881329 1184.80210983
 1334.52523665  639.30020122 2487.99274292  514.36853658 1985.35500439
  875.07749153 2828.54118325 2011.99393464 1047.16693268 1233.37524266
 1260.16582415  965.54729048  463.54216317 1064.45700371  948.07811169
  282.29234978 2304.8394485  1737.07441526  959.99769594 1325.84959506
 1451.82965745 1964.22032759  538.57628523 1682.72325134  622.0588548
  726.05841552  451.79537948 1095.84290785 1196.40788798 1984.20959205
  501.57452096 1909.93439449 1237.13091201 1089.18906805  701.11188377
 1115.1936563   299.42311983 1262.2484632   999.12483708  930.98176889
 1031.05749531  930.2683383   809.23770623 1194.55508524 1597.03724914
 1338.73760267 1091.11902547  312.32840415  874.6923572  1118.81209319
 1784.08271046  892.84743182  669.29133666  660.92082978 1733.94041918
  522.73609921 1237.13091201  995.25233343 1371.95302194  296.5555327
 1403.13365743 2270.64383331 1865.04053381 1940.49559438 1123.18574728
 1225.09861436 1116.2948209   414.92150799 1697.04295538  707.91701964
  677.22962557  266.22410639 2116.90162972 1291.30401319  712.88242666
  644.09386733 1886.20810255 1840.79612662 1215.93125332 2782.46350969
 1202.83650859  955.76150331  465.03208611 1445.86968113 1718.55435399
  819.30803082  726.17631472 1400.08032117  475.4157482  1237.05558872
 1128.60325919 2138.29246632  428.30864298  439.11241873 1245.47671781
 2422.9415825   647.43554431 1531.06543112 2450.95355833 1784.08271046
 1558.97829782 1511.89495998 2302.90167747 1031.05749531  450.48017886
 2309.07390202 2454.60763274 2450.5486619   671.13107498 1884.61045309
 1461.65646907 1146.27398747 1351.63354004 2962.11967315 1622.26057339
  498.71525984 1989.35494499  540.40338505  451.79342763  584.59847977
 1574.76075867 1246.76389452 1027.01433435  910.34242856 1908.09948387
 1751.78335265  985.74838296  968.50555908 2226.53411793  455.07915146
 1517.6394968  1897.5934461   877.40149582 1493.98452649 1279.02489154
  666.85979614 1559.37357999  957.28911941 2468.56844397 1010.61503714
  309.59151266  625.17742688  506.96469532  946.70337136 1893.06643786
 1186.18423534  741.96677492 1302.08202566  999.67671659  327.87730485
 1463.67694386  487.42493818 1270.81542033 1207.68425457  951.53861254
 2220.31173058  995.97869904 2246.85123993 1374.96128882  803.01044577
 2341.28061683 1739.91258473  593.88611247  456.64648188  750.08489405
  967.65784896 1099.82131142 2252.2280714   993.18547676 1105.2843742
  894.69868191 1354.62966685  932.15918677  350.2272057   543.79030036
 2214.56501663  712.3194704   985.55768304 1231.88719633 1803.67807227
 1389.53689464 1198.88279499 2322.02724375  697.21440018 1525.70850319
 1816.45112319 1091.07053126 1962.16337587 1150.4569588  1924.75410849
 1100.71197087  459.89411675 1342.94582564 1183.70632069 1116.2948209
 1227.8870766   663.54598315  683.50881801  701.13351772 1773.2479473
 1010.61503714 2161.78561384 1629.12911906 1184.65642878 1724.53912475
  930.4545105   487.42493818 1278.84397042 1291.30401319 1026.80146469
  274.25709117 2088.52902423  522.07439065 1968.77039417  641.99505286
 1973.03186571  954.06657806  825.57611137  457.65733528  260.5735947
  721.66358314 1413.68295105  653.71028721  679.02117208 1217.76895025
  685.8931199  1564.63166145 1270.81542033 1768.90739884 1871.35635064
  601.06538895  926.13519934  867.70369712 1136.50740974  792.67192971
  914.89125579 1129.41911308  957.28911941 1692.69786336  625.60763526
 2175.2866226  1647.83773296 1927.63921183  490.32379038  285.29572712
  967.65784896 1561.11040706  742.25935411  264.53099398  566.83947781
  757.63472928 1647.09003194 1871.35635064 2346.06288143  927.03769811
 1688.2435015  1493.93781112 2116.90162972 1883.09189138  682.95677707
 1478.8736636  1569.90870667  285.29572712  584.59847977  309.59151266
 1026.7904346   358.31266391  882.04357571  415.46712737  685.7485881
 1085.85931729 1756.94864308 1191.78660928  276.08274559  958.04017486
  716.18068889 2837.66163679  235.45645191 1639.0796572   714.3560642
  705.46272252  639.22652427 1296.08775223 1592.56370252 1283.25677518
 1045.29065018 1187.34757571  474.84705502 1611.49072335 1019.08388588
  489.07228334  960.61906319 1679.68673272  528.10953603 1639.99517803
  229.73419474 2829.74434462  573.29987093 1330.77782388 1513.04485714
  674.09535528  719.86347985 1772.53653383  963.471529    497.20867694
  423.82649462 1196.02228648  960.61906319 1059.71230341  293.19963514
 1173.85320157  986.03604092  478.86913342  688.34694844 1207.68425457
 1191.78660928  375.96076089 1170.2207393   265.0530517  1923.51824936
  489.07228334 1101.29253978 1892.60708632  486.94827339  357.90822487
 1504.18972354]"
LinearRegression,"[2588.2895245   297.44483465  290.77072906 1403.45646197 1100.03794413
 1666.77050622 3076.98014205  594.90746807 4711.81714479 1744.38196398
 1553.93001226  562.17010371  378.30324406  548.03940633  375.89175265
 1091.32923881  785.42039143 1858.63951747 1262.75718202 1457.83107371
 1710.41932845  706.53223136 1554.01874489 1201.26137374 1734.82460594
  517.5964678   930.85866314  316.41019824 1282.27404938  318.8022355
  989.64665842 1141.88862475 1739.41596456  438.06466514  515.08724349
 1754.37898907  751.13971334  951.19266854 3019.66735879  422.31064152
  802.08883675  806.07912224 1288.450461   1814.95289862 1162.02776159
 2019.29256445  557.72623608 3048.81965849  107.36628344 1557.84088889
 1112.86128368  978.58367907  997.64508768  313.91909757 1348.98321184
  733.06055843  765.65548278  220.99736593  982.19186184 1271.15017338
 1522.43306834 1215.27129087  649.17591948 1081.24169403 1113.36342637
 1321.78187747  598.01353488 2208.33553416  402.55146684 1913.27168074
  990.79208155 2689.85887635 2044.10555238 1245.45906891 1127.01896682
 1051.06391786  972.40275556  211.08175703 1125.74505896  883.79562113
  355.08556732 2167.34094564 1472.83830593  761.40269463 1431.67678043
 1507.50478034 1893.7172976   416.35933741 2667.27937546  589.5136116
  464.05640222  412.17927572 1271.15017338 1392.5342062  2305.99723712
  623.53544905 2407.64176081 1202.69403606 1097.85552367 1176.73150504
  918.93896278  415.97597353 1687.87680579 1272.20672124  924.47946307
 1082.88790137  808.12648444  741.38937656 1357.79110231 1296.12188841
 1109.44158395 1118.46654581  314.5387328   628.1723331  1025.59081932
 1734.82460594  843.32437408 1121.26977394  952.91179832 1715.75904533
  483.40438264 1210.51578931 1157.95769731 1510.97483362  270.56336557
 1359.63530518 2067.54397559 1882.76922818 1821.36608    1185.68732925
 1039.20563993 1015.45136441  263.55826597 1509.23384614  742.28002654
  559.71453215  207.81593573 2002.17278844 1402.05797477  744.66231074
  711.46976186 1930.98125176 1859.9051487  1064.63012358 2457.22770021
  937.52436712 1047.96675984  615.04149347 1054.68129243 2825.32482989
  736.39666037  801.29791026 1245.7086411   652.19482142 1267.0999957
 1053.59873589 1786.4013797   409.83800903  441.8165917  1272.73849273
 2539.88414032  612.99083778 1417.57404843 2424.51327983 1734.82460594
 1634.72771198 1500.49153184 1979.60972004 1082.88790137  355.99379022
 2004.76157778 2309.05892317 2285.3863315   751.62528106 2515.87095755
 1264.95559525 1207.15955469 1115.27023219 2823.397386   1803.64557562
  448.11950559 2826.96691728  619.28020585  416.38796766  552.94234838
  986.62285118 1109.34489272 1062.74414728  696.1402087  1944.71513762
 1874.16291447 1061.93388804  958.07832853 1464.7660321   353.51612632
 1160.03786647 2107.99701106  907.59301604 1681.39667531 1766.90103819
  898.60742081 1920.52089807  939.43553447 2186.94799707 1184.80516102
  295.51121829  709.19548656  532.93748947  989.62608527 1829.24519569
 1083.38410818  763.61751816 1176.55944812  932.81410146  384.01573331
 1100.96345443  512.88571037 1355.90056083 1134.29997687  852.70265185
 2341.19396718 1236.23228124 1698.9627744  1158.82287747  875.89650471
 2312.41907841 1632.14280617  678.3765644   514.62386103  809.46120637
  922.42164154  940.81526517 2096.74334767 1100.21786193 1195.86522361
  885.03653755 1124.42517673  886.39901833   -8.49002881  549.98606154
 2417.05801886  620.70036521 1298.42009319 1292.0670373  1896.30960451
 1170.10656335 1167.51142019 2065.0754788   830.0329588  1745.52133035
 1515.42878816 1100.17014675 1776.51418568 1036.94413462 1879.06568346
 1195.92355059  467.00389825 1565.25230696 1315.42931378 1015.45136441
 1110.87284862  917.95845798  844.65295984  690.93849715 1896.04175244
 1184.80516102 2367.47022598 1833.89229743 1108.62628072 1404.39943985
 1061.65574249  512.88571037 1046.82384685 1402.05797477  903.7474876
  402.84188629 1877.18735008  566.54157401 1775.02851801  574.34094321
 2154.72566871 1430.14231991  927.11753931  472.20332818  297.94973861
  879.639698   1262.29122409  839.16845095  976.87192889 1064.73493482
  594.64401289 1645.9367306  1355.90056083 1591.26110388 1792.39929672
  794.45710522  874.6113871  1006.10943057 1050.10252307  420.98809265
  919.26626666 1304.14373444  939.43553447 1830.56220352  802.08883675
 1908.60974343 1587.37517189 1792.97462326  416.56495944  238.25958734
  922.42164154 1604.69357969  837.94018149  376.90237868  587.75194073
  759.46430755 1781.19188169 1792.39929672 1684.33536857  807.44160302
 1410.61245005 1543.12342956 2002.17278844 1981.33878584 1063.38030279
 1559.20153647 1465.05365802  238.25958734  552.94234838  295.51121829
  997.64508768  110.77869493  885.90971118  365.1733592   817.27682345
 1162.23289141 2021.44650045 1381.14111085  342.31486534 1132.15461401
  688.04652353 2075.45747939  172.02689086 1348.34428822  645.06320917
 1247.79303061  661.38895468 1642.99883066 1690.11525248 1282.27404938
  957.64976392 1192.35480749  336.48815049 1414.63480515 1144.66749063
  507.28278823  930.05556006 1903.78172013  662.14788553 1490.09919111
  156.94185551 2063.72484951  608.81077609 1118.83897529 1759.40163277
 1072.47259545  667.0361117  1844.62594159  977.63271166  603.1159811
  302.38213829 1105.35114351  930.05556006 1329.28564019  325.33553266
 1345.5285574  1216.67789811  648.40697283  538.45026938 1134.29997687
 1381.14111085  370.65354113 1294.79609849  475.69323713 2027.72747921
  507.28278823 1068.069266   1889.67898813  519.46407068  371.01933353
 1167.56003983]"
RidgeCV,"[2661.93809105  413.47948315  302.20753087 1383.35931706 1100.99109868
 1686.30419379 2542.74788011  595.06425508 5008.68624204 1569.36859838
 1563.97967229  584.85565717  484.26777119  513.80862933  370.06774117
 1048.89216657  746.91537953 1669.45446749 1261.98695904 1469.29244912
 1721.59133318  715.15426071 1605.26906034 1185.72931017 1796.65925041
  580.89199911  948.32604883  347.44107709 1296.32509769  314.20240921
  981.51225359 1123.30883702 1766.30188819  503.74820155  471.72573023
 1812.4206181   729.77349044  950.84187333 3107.37441672  506.94917867
  782.52486703  806.39181456 1296.74966186 1844.8497175  1168.30447311
 1806.45741793  552.49737531 3132.95239848   94.30957368 1567.13194583
 1113.2114764   983.32151972 1003.7301695   318.02842641 1319.96409853
  683.00799183  739.35469462  194.56103262  985.53189112 1246.29819701
 1550.39852525 1274.24880103  724.4858516  1065.69461422 1112.70784191
 1342.85392029  610.83098299 2162.83346004  399.99317671 1931.04906558
  994.48318681 2584.4218256  1909.79138556 1196.08724539 1118.25665316
 1064.92263556  949.36796947  212.68382858 1143.81947116  862.2699822
  430.80297723 2047.22516331 1480.42555034  742.42491318 1415.53038936
 1578.53748674 1915.28769788  461.9602785  2574.18829568  635.86846569
  435.19674597  414.75906889 1246.29819701 1362.32338472 2344.93824331
  606.31495369 1646.08039537 1219.65700076 1099.25056121 1210.09956634
  919.29840789  404.80404619 1606.71603166 1232.79729203  919.14838948
 1067.57720371  788.75415882  748.82781774 1327.35837191 1321.14504803
 1114.65355439 1078.79759009  285.41142467  591.84678314 1044.97838177
 1796.65925041  817.12462067 1118.40606316  988.44748519 1754.59488477
  496.34902364 1225.96154784 1149.68374496 1585.75905974  232.74664052
 1372.90306938 2049.35161262 1866.83766867 1856.9706374  1165.36365506
 1047.53059485 1024.12765819  230.67876577 1502.86607453  750.88950299
  556.34066196  309.08866137 2005.19747826 1383.43080977  777.79160037
  700.33485046 2001.70377163 1909.77572868 1084.25767811 2277.82947493
  966.99178283 1041.93512604  606.13757992 1148.81376288 2714.12473659
  734.3596507   812.44820353 1273.53053789  636.08417855 1278.91863498
 1037.43324324 1965.55779546  490.27659361  454.2842274  1269.16302856
 2373.72426651  650.39338355 1392.07291645 2280.73219709 1796.65925041
 1682.53630627 1508.83506328 2094.63300716 1067.57720371  350.34721254
 2098.78438931 2200.27652273 2175.15062373  744.99078443 2424.70665414
 1292.66728431 1265.71359629 1107.12309545 2944.30416037 1778.96310122
  424.19783305 2131.42166499  581.23462309  405.00725945  573.54983204
  948.34739548 1092.82715855 1074.92498039  720.39004522 1983.00618917
 1899.52633018 1066.24078549  990.58897787 1408.20690594  367.4749658
 1163.11903901 1964.38696661  908.64025885 1510.69152562 1821.2963359
  907.13205658 1957.36170991  917.84544245 2055.6098095  1197.45219656
  259.06661286  690.56520924  541.86096396 1012.00000734 1896.11393497
 1104.51331034  739.50198511 1181.78099182  949.9021856   371.63750041
 1107.59423978  501.85751958 1378.36550262 1228.44787005  852.36825631
 2392.11203745 1213.93537132 1632.26303719 1192.29814122  905.48205731
 2166.22202932 1679.21455943  680.30996143  506.00480522  845.05408569
  890.06304086  955.87067724 2078.0256701  1126.3620882  1193.23511094
  882.34776335 1108.17158084  895.97038948  -23.74708797  656.58880524
 2449.43980844  585.05543779 1321.6050495  1275.68219084 1935.31619015
 1155.47911593 1143.08100692 2062.06723551  800.84719623 1767.50851618
 1572.99064657 1095.95909276 1797.47099501 1029.66372067 1869.89765289
 1203.13154374  425.03839175 1589.52858327 1333.22014109 1024.12765819
 1110.44291771  880.03007577  853.79184141  682.97108854 1735.10621429
 1197.45219656 2432.59151536 1828.84272289 1100.85865551 1424.27907764
 1056.49836127  501.85751958 1063.86018942 1383.43080977 1033.03790021
  459.72542205 1744.08894394  554.71961123 1807.09686556  585.705084
 2258.15258868 1385.67543239  930.13184538  413.78334711  275.78016609
  904.36615827 1242.83024616  859.22079674  971.98809366 1064.15415097
  566.28143845 1644.32862005 1378.36550262 1659.11104419 1862.79195762
  810.41714937  842.34280899  970.34814525 1046.70548522  430.99405168
  946.6402831  1282.86476629  917.84544245 1882.50920601  782.52486703
 1803.28585332 1623.21861587 1806.24719164  424.04060137  212.14064867
  890.06304086 1669.75431649  821.66608623  439.99132242  604.74545394
  752.65021839 1819.63435402 1862.79195762 1721.34190628  820.01444069
 1451.16959297 1613.78355115 2005.19747826 2018.96159495 1051.4030312
 1412.43516144 1616.85185684  212.14064867  573.54983204  259.06661286
 1003.7301695   128.49788206  896.1185346   348.99633588  831.72592664
 1180.8372474  2054.66603742 1354.04681594  413.14984837 1089.83054748
  712.86984154 2075.18337589  107.18222999 1337.48923234  650.72285787
 1000.75392037  666.6011169  1672.83817101 1713.47172859 1296.32509769
  942.13608391 1183.31022299  319.52697888 1417.55224365 1149.7274722
  498.42079458  969.37512501 1931.62590978  658.0431361  1492.44884367
  196.35887594 2065.72655527  603.19217394 1126.9444162  1802.7707239
 1097.8645302   663.09016335 1884.06682291 1006.35034557  601.17303654
  304.14853093 1101.53886796  969.37512501 1325.2132111   312.55195534
 1313.25183856 1198.17400362  623.14497538  551.41361997 1228.44787005
 1354.04681594  382.1373468  1305.20081548  544.98134097 2071.81896325
  498.42079458 1098.3375968  1908.16843687  547.17855784  312.02519579
 1148.31733415]"
LassoCV,"[2602.6366054   600.73884012  355.34388674 1384.08545363 1095.13155354
 1698.96889835 2640.44710187  620.25826787 5193.09646112 1439.01062752
 1530.49081086  548.6823069   448.45281734  545.48537186  429.2666691
  909.49038735  737.13163454 1494.5495908  1256.21666212 1442.41515247
 1678.33223742  675.52794855 1602.48545832 1226.43711381 1849.66300967
  573.03507644  953.66418032  382.63904935 1313.80526153  320.46232352
  985.59335822 1080.27062228 1772.44099777  514.31680307  464.45558831
 1858.1938724   736.64989374  927.06202055 3122.17245433  563.84926785
  695.88663199  830.99467243 1298.84607253 1847.75022714 1203.03879864
 1625.26002575  583.036806   3110.44054673  149.89856695 1532.19698341
 1085.7196298   960.3896699  1023.16501865  323.89843338 1272.8855689
  669.73046698  731.64284278  212.01822622 1010.57553341 1212.5475547
 1515.70553445 1254.2075364   744.79923022 1087.13570045 1089.87945175
 1314.21768471  594.11501933 2005.24716607  433.21099177 1887.1981485
  953.5996183  2577.57179975 1929.19304782 1120.98424009 1087.90724056
 1078.49937705  946.57338333  255.83837141 1103.12268815  839.9362278
  564.30145638 2020.26209368 1458.31999405  680.60753634 1399.20704924
 1557.41472157 1878.66728577  527.44373646 2565.73945438  659.09878615
  442.96244578  425.93944277 1212.5475547  1318.15732971 2287.60249535
  615.15646694 1449.54120915 1261.53027127 1076.6107665  1211.85231672
  910.39735764  405.2854236  1489.44321393 1224.28813553  889.66102616
  977.24291109  789.36741008  773.01716275 1340.56478933 1321.10575168
 1044.28861904 1069.72739279  300.5751      624.43919519 1006.58013988
 1849.66300967  804.722963   1038.84730602  971.24668157 1720.77371424
  499.71858731 1264.94261636 1107.69887677 1687.13551947  252.91677324
 1431.33956687 1943.8249544  1830.5348325  1847.10309366 1164.61418438
 1039.11673948 1041.60980478  256.27840338 1479.13078734  710.14249769
  521.35906797  464.61353885 1969.7422214  1325.74781216  796.14927184
  718.97148457 2035.67341469 1932.76236526 1078.64010458 2126.86406306
  950.98025285 1021.18102138  617.49226252 1247.99432165 2774.56598133
  691.05143414  744.11480361 1355.94504289  633.70090171 1223.05500924
 1037.14958079 1949.85687925  550.25205417  496.00407627 1295.53307803
 2345.8872561   714.58790793 1371.70142598 2295.55516598 1849.66300967
 1661.35427756 1468.25576137 2101.80333244  977.24291109  401.94300929
 2130.74887977 2144.37439078 2123.37034582  749.27575448 2487.55506068
 1322.41646116 1357.11770872 1106.03457813 3015.54201762 1752.66821077
  435.53352299 1987.42829538  597.4345393   412.24543946  590.70403602
  969.50257378 1044.72204276 1022.78877907  770.12801749 1990.76688441
 1870.13642303 1055.1306397  1093.76575896 1267.12841175  400.34685457
 1250.33726047 1876.76862858  911.22060375 1408.47426402 1883.879621
  885.52654904 1909.1106459   924.29975039 1959.83593462 1252.97315473
  258.39683668  702.61505259  563.53959848  999.34230712 1934.87814128
 1173.98303217  696.82556024 1149.47924152  954.5172666   384.26816794
 1221.50706951  519.29099099 1384.32483867 1221.85235107  868.31667884
 2338.79392625 1224.12496596 1671.268126   1263.16046493  914.80484406
 2183.12709039 1794.72587134  696.26041099  550.08518258  870.94716872
  830.86213553  979.26349098 1981.36166016 1195.27269682 1131.46813333
  874.16506132 1121.13155526  892.31660065   47.51465494  721.23592645
 2401.1807833   596.06897336 1321.96589556 1239.22995677 1897.69563016
 1188.04732178 1098.27493438 2010.1662545   780.82873277 1696.38472728
 1595.97853258 1070.39114188 1822.08914397 1034.46194906 1839.59566963
 1163.7748993   442.59935364 1541.19164154 1349.11157387 1041.60980478
 1201.03208922  856.03954695  814.88053024  661.49210193 1606.40427246
 1252.97315473 2342.84930319 1743.21388448 1117.04449145 1424.08887333
 1040.76206594  519.29099099 1060.19531845 1325.74781216 1210.00170562
  578.4823908  1775.66755184  539.45811153 1809.33057004  573.11097438
 2353.71983811 1372.12898144  912.27959075  425.53762818  269.18827088
  931.59937987 1256.12039103  896.38611507  961.48579893 1067.93917624
  588.7015153  1617.79997982 1384.32483867 1644.89041193 1960.72894656
  822.77744666  818.37234337  959.27088834 1056.97742759  463.78049765
  961.69400388 1246.82058956  924.29975039 1854.03549386  695.88663199
 1908.90745061 1650.42318901 1767.19700924  419.78071121  250.77293062
  830.86213553 1727.31391846  789.17721116  556.83746953  549.98746308
  696.28625479 1855.35459776 1960.72894656 1621.27271176  849.14621177
 1506.79286856 1702.12460194 1969.7422214  2023.51939822 1030.27950655
 1284.92700126 1833.33335976  250.77293062  590.70403602  258.39683668
 1023.16501865  163.74822333  899.23979091  304.43263936  802.93732241
 1139.68058835 2007.73129737 1299.06541009  531.03018199 1075.6989967
  728.9294213  2033.39523258  112.48485705 1321.27617546  690.66610296
  896.34488303  659.07493243 1684.21091314 1665.61318535 1313.80526153
  917.17546311 1138.46421114  369.20339833 1359.8085976  1120.06063684
  487.59626384 1078.60957231 1943.59566012  603.09934554 1475.59807133
  319.9855234  2028.27671494  613.08361423 1131.34526629 1853.15639161
 1051.26295865  617.20315668 1872.64975003 1102.29662169  624.19180963
  260.30470874 1078.90075234 1078.60957231 1306.34094701  342.14377502
 1262.17583782 1215.59410323  608.7020775   588.01417522 1221.85235107
 1299.06541009  400.34685457 1339.49101012  636.51673556 2031.82457555
  487.59626384 1180.28361435 1916.09003685  552.64127446  332.03028547
 1152.64951088]"
ElasticNetCV,"[2642.85721431  476.63990766  316.52883134 1372.70095548 1097.35479057
 1692.73612009 2459.4081777   602.33336817 5077.10126387 1522.61168515
 1555.04590488  583.50984486  506.48304437  513.92256651  382.00279034
 1011.48065103  741.65386576 1614.27872964 1260.49247099 1462.46845507
 1719.42218206  708.11563085 1611.47577561 1187.23226917 1818.83169555
  605.29657292  951.80871646  372.54347825 1307.26258395  317.57619861
  980.11452389 1107.91298773 1767.31755884  507.36115422  466.3579428
 1832.87292226  729.16311195  946.87916564 3123.97065324  531.97217643
  762.44750711  812.37833629 1296.2864637  1844.4000887  1172.96768844
 1733.87994465  560.0181876  3143.12254967  105.85111787 1557.85415022
 1109.03386084  980.0853671  1006.11303922  320.17701229 1311.30975726
  672.65859075  732.37852838  192.38390793  989.04909243 1233.9581761
 1543.36103044 1310.98782693  742.51965612 1067.34050053 1107.30907649
 1342.373299    608.9497085  2125.92628473  405.25208016 1921.59475415
  987.0023072  2557.08961695 1884.89307605 1167.72158765 1106.4094081
 1067.09732946  943.72987005  225.28952879 1139.28108694  856.82002823
  466.32776651 2013.4232602  1482.07188013  730.04207275 1415.08550588
 1617.09802606 1907.55352744  485.66870876 2547.62932078  642.36926076
  434.52239345  418.64435985 1233.9581761  1347.65551769 2327.92524785
  601.57055578 1551.34757713 1235.76526226 1093.20979806 1214.82833639
  910.50161614  402.11878265 1578.02310363 1219.55137261  911.99981075
 1037.62165174  788.13095189  759.29912388 1316.83462807 1315.01823948
 1098.44116591 1074.94217333  282.00401505  578.43441966 1040.81184083
 1818.83169555  813.40515996 1104.37994829  989.45636403 1788.91778354
  499.95674684 1241.38175294 1140.28212718 1622.75783978  231.35325458
 1388.99690262 2024.82945243 1848.64566451 1855.60098862 1162.03191126
 1048.49122866 1026.44113596  230.48201649 1493.12065974  744.90478959
  553.09726142  369.07708179 2004.20796955 1367.90196242  789.98682528
  698.13210547 2017.88593657 1916.63750133 1082.86167079 2231.66707569
  967.06903088 1035.71198242  604.19315622 1183.7876784  2690.5487792
  727.17046345  804.83433208 1296.92000007  630.87148697 1273.50190778
 1031.75906143 1991.0757108   507.51072681  475.77764371 1279.46555878
 2329.5925933   670.21526121 1389.87466177 2246.74935572 1818.83169555
 1683.38023544 1499.01173751 2142.70836437 1037.62165174  361.41026545
 2112.8207886  2167.53273266 2142.9922679   741.7242115  2411.20587516
 1297.43477636 1296.73251494 1103.26454844 2974.65991062 1761.11685111
  423.61860941 2052.56856146  575.9177296   401.84433826  580.18766385
  950.10198354 1077.68785784 1067.49017158  742.98082578 1985.91325171
 1893.51230073 1063.7891236  1022.03265029 1376.91171659  376.52067973
 1185.57207332 1922.31077887  912.49609689 1467.82493072 1842.40725724
  902.7602592  1938.72629088  917.45961425 2019.46919069 1212.22677417
  253.82557276  686.40062413  551.78990918 1014.84277591 1907.28716268
 1131.19133879  730.74461619 1175.31398008  953.21283913  369.60327208
 1133.59356423  502.25060224 1382.43036654 1247.3219523   857.13283075
 2372.9829688  1209.76560741 1603.31960359 1211.62576168  917.35396227
 2132.16438088 1711.18241163  679.39052468  509.01139403  858.0099466
  873.9324317   960.34526282 2054.28474601 1147.86715856 1181.63998253
  880.51090424 1108.36693507  895.84331909   -6.8903864   713.76682335
 2438.58135481  579.83318084 1327.45225525 1263.33181767 1934.66720325
 1156.37285292 1131.79055309 2055.78433263  792.45216354 1754.01311647
 1584.60080502 1088.96133705 1809.65818709 1028.36452721 1853.52841187
 1195.18617222  419.19136638 1588.06607499 1339.01549827 1026.44113596
 1132.22072407  873.1760205   851.00549734  679.38913938 1686.38039805
 1212.22677417 2415.88046061 1802.31490953 1105.34438427 1422.02020608
 1051.24160453  502.25060224 1062.53357405 1367.90196242 1089.99172862
  490.17864307 1720.43537665  551.51198843 1807.97375234  584.40924374
 2292.60242957 1368.78716689  926.93268577  391.10891296  270.71619807
  913.91503188 1240.61490092  870.50016361  960.69605244 1063.40423002
  565.99069886 1641.41816814 1382.43036654 1659.76667113 1894.13528235
  814.66396346  835.87112269  957.81590681 1044.33280151  438.84076639
  956.92542954 1276.14863877  917.45961425 1887.06885922  762.44750711
 1805.98016304 1628.87488675 1805.25432413  433.54993403  213.72127275
  873.9324317  1686.16353283  811.69512957  470.71756552  586.4711959
  742.15990821 1826.78971786 1894.13528235 1691.70250888  827.71075114
 1470.51650119 1644.02220329 2004.20796955 2018.73099805 1046.40647146
 1317.00800929 1686.91199522  213.72127275  580.18766385  253.82557276
 1006.11303922  138.55202766  899.18577432  340.09590467  831.34777995
 1179.64855093 2043.46945905 1338.52832086  451.59358715 1084.77103202
  723.61576075 2072.74997661   99.24500175 1339.62076933  658.34132515
  975.9685105   667.79555874 1683.2085863  1740.29341634 1307.26258395
  937.1897674  1173.20338506  328.52369425 1409.72724429 1143.29699736
  494.75075031 1002.25510975 1940.6958442   644.68265677 1484.50406441
  231.33377137 2064.32524059  603.1909123  1125.2473356  1822.96035824
 1093.35612943  658.84181244 1888.32609485 1036.073877    607.69499445
  297.12549854 1096.53984964 1002.25510975 1322.11064109  313.95763382
 1297.87212736 1195.7243807   611.11707154  562.49864084 1247.3219523
 1338.52832086  386.55604344 1316.79691893  571.13964266 2063.06381248
  494.75075031 1126.60279504 1915.48500008  557.51891105  306.19562034
 1147.37018052]"
